f0,f1,f2,f3,f4
1.0,269.3,7.1,77.4,2006
1.0,874.774,2.21,56.95,2008
1.0,763.0,2.6,19.84,2011
1.0,326.03,19.4,110.62,2007
1.0,516.22,10.5,119.47,2009
1.0,185.84,4.8,76.39,2008
1.0,1773.4,4.64,18.15,2002
1.0,798.5,0.0,21.41,1996
1.0,993.3,10.3,73.1,2008
2.0,452.8,1.99,74.79,2010
2.0,883.0,0.86,74.79,2010
1.0,335.1,9.88,39.43,2009
1.0,479.1,3.88,97.28,2008
3.0,1078.0,2.53,14.08,1996
3.0,2391.0,0.54,14.08,2001
3.0,14002.0,1.64,14.08,2009
1.0,4.230785,0.472,15.36,1995
5.0,14.651,0.8,12.53,1996
5.0,44.38,0.165,12.53,2004
5.0,4909.0,3.53,12.53,2002
5.0,0.73654,0.0,12.53,2011
5.0,261.2,0.172,12.53,2007
3.0,4.215,0.016,8.52,2009
3.0,38.021,0.057,8.52,2009
3.0,123.01,0.072,8.52,2009
1.0,116.6884,0.0,18.11,1996
1.0,691.9,0.0,81.5,2012
1.0,952.7,5.3,97.18,2008
1.0,181.4,3.2,45.52,2013
1.0,0.0,0.0,45.52,2005
1.0,0.0,0.0,165.0,2007
1.0,0.0,0.0,140.0,2004
1.0,10220.0,6.05,0.0,2009
1.0,0.0,0.0,0.0,2008
1.0,0.0,0.0,145.0,2013
1.0,0.0,0.0,139.0,2004
1.0,0.0,0.0,18.39,2006
2.0,5767.0,0.0,130.72,2008
2.0,3321.0,0.0,130.72,2008
2.0,5573.55,0.0,500.0,2010
2.0,2883.5,0.0,500.0,2010
1.0,2900.0,0.0,0.0,2011
1.0,4343.5,4.2,0.0,2012
2.0,5840.0,0.0,0.0,2011
2.0,1916.25,0.0,0.0,2011
1.0,380.8,1.8,20.21,2010
1.0,3.2357,0.0036,1.35,2012
1.0,6000.0,0.0,19.28,2008
1.0,2502.0,1.55,3.22,2000
1.0,417.9,0.0,70.42,2012
1.0,594.9,7.6,47.53,2006
1.0,428.5,8.78,38.52,2009
1.0,903.3,1.85,13.79,2003
1.0,1251.0,0.0,31.12,2007
1.0,0.0,0.0,52.03,2012
1.0,136.75,2.8,62.66,2007
2.0,530.32,0.0,46.84,2012
2.0,3186.0,0.0,46.84,2012
1.0,277.02,1.7,80.64,2013
1.0,187.83,0.0,84.03,2012
1.0,1630.0,0.0,56.31,2012
1.0,39.845,1.04,17.43,1997
1.0,3.3135,3.9,15.6,1996
1.0,305.5,20.6,92.51,2013
4.0,4.617033,0.6876,13.47,1996
4.0,241.258,1.981,13.47,1999
4.0,1276.46,4.132,13.47,1999
4.0,3848.86,1.059,13.47,2010
1.0,318280.0,0.0,7.69,2008
1.0,0.0,0.0,145.0,2008
1.0,0.0,0.0,36.0,2013
1.0,0.0,0.0,140.0,2010
1.0,4639.15,0.0,12.21,2009
1.0,0.0,0.0,52.4,2004
1.0,7336.5,0.0,25.0,2009
1.0,8679.7,0.0,26.67,2009
1.0,655.6,5.1,37.54,2008
1.0,714.3,10.6,0.0,2007
1.0,3.48777,0.0,80.0,2000
2.0,5.6,0.045,42.09,2009
2.0,237.6,0.33,42.09,2009
2.0,3.8728,0.027,20.1,2013
2.0,125.94,0.17,20.1,2013
1.0,268.94,1.47,50.03,2009
1.0,137.48,1.11,175.44,2013
2.0,379.63,21.42,0.0,2009
2.0,621.99,12.47,0.0,2009
1.0,578.2,0.0,0.0,2012
1.0,392.6,0.91,0.0,2011
1.0,10037.5,0.0,23.1,2011
1.0,0.0,0.0,0.0,2006
1.0,1.5089557,0.0,0.0,2008
1.0,1.7429935,0.0,200.0,2008
1.0,4.2568,0.0,680.0,2008
1.0,9.20205,0.0,0.0,2008
1.0,4.037896,0.0,0.0,2009
1.0,8.886593,0.0,0.0,2009
2.0,0.853585,0.0,150.0,2009
2.0,3.698,0.0,150.0,2009
1.0,6.21229,0.0,380.0,2010
1.0,95.2738,0.0,460.0,2009
1.0,13.2406,0.0,345.0,2010
1.0,2.99433,0.0,560.0,2010
1.0,2.828042,0.0,1150.0,2010
1.0,4.03519,0.0,1060.0,2010
1.0,1.51214,0.0,1340.0,2010
1.0,5.35227,0.0,840.0,2011
1.0,3.7681,0.0,920.0,2011
1.0,1.9000694,0.0,870.0,2011
1.0,3.89713,0.0,770.0,2011
1.0,9.24285,0.0,1230.0,2011
1.0,3.6313,0.0,600.0,2011
1.0,3.57532,0.0,0.0,2014
1.0,246.36,0.0,20.77,2013
1.0,15.76491,3.91,10.91,1999
3.0,8.631,0.035,14.97,2013
3.0,25.6,0.024,14.97,2013
3.0,603.0,0.079,14.97,2013
1.0,2288.0,0.82,12.12,2009
2.0,692.0,1.894,15.1,2007
2.0,7100.0,1.6,15.1,2011
1.0,4100.0,2.3,20.03,2013
1.0,7.3709,0.018,9.04,2011
1.0,2.64385,0.0,10.23,2004
1.0,0.0,0.0,17.95,2013
4.0,5.36874,0.049,6.27,2005
4.0,12.9292,0.017,6.27,2005
4.0,66.8,0.022,6.27,2005
4.0,3.14942,0.006,6.27,2005
1.0,598.3,0.328,10.32,2009
6.0,7.2004,0.018,6.8,2011
6.0,28.14,0.012,6.8,2011
6.0,91.61,0.016,6.8,2013
6.0,62.24,0.008,6.8,2013
6.0,39.026,0.008,6.8,2013
6.0,256.2,0.014,6.8,2013
1.0,4.6938,0.035,4.54,2007
3.0,1050.3,4.95,16.13,2010
3.0,3.6,0.014,16.13,2012
3.0,35.37,0.036,16.13,2012
1.0,3416.0,0.64,4.94,2008
1.0,1845.0,0.91,8.77,2006
4.0,61.1166,2.2756,4.7,1998
4.0,30.0881,0.7142,4.7,2000
4.0,1.93778,0.021,4.7,2005
4.0,124.26,0.046,4.7,2010
1.0,1.5804049,0.0,0.0,2009
1.0,133.71,3.37,17.62,2000
1.0,3.33714,0.0,25.2,2012
1.0,2.64561,0.022,19.8,2010
1.0,0.0,0.0,145.0,2010
1.0,4.4652934,0.0,139.0,2006
1.0,5.633473,0.0,135.32,2007
1.0,2.899736,0.0,138.0,2007
1.0,3.056536,0.0,314.0,2007
1.0,2.788491,0.0,342.0,2007
1.0,3.852985,0.0,261.0,2007
1.0,3.0763776,0.0,230.0,2008
1.0,3.92289,0.0,480.0,2008
1.0,3.21306,0.0,142.5,2009
2.0,2.91626,0.0,214.0,2009
2.0,428.5,15.2,214.0,2009
1.0,4.627669,0.0,205.0,2010
1.0,10.863502,0.0,190.0,2010
1.0,2.77596,0.0,235.0,2010
2.0,10.338523,0.0,90.0,2010
2.0,5584.0,3.4,90.0,2010
1.0,5.508023,0.0,166.0,2010
1.0,4.008778,0.0,215.0,2010
1.0,2.875317,0.0,70.0,2010
1.0,4.124481,0.0,254.0,2010
1.0,3.21222,0.0,82.0,2010
1.0,1.212884,0.0,393.0,2010
1.0,3.35524,0.0,396.0,2010
1.0,3.652836,0.0,297.0,2010
1.0,4.234516,0.0,134.0,2010
1.0,3.039577,0.0,204.0,2011
1.0,3.257215,0.0,395.0,2011
1.0,5.723186,0.0,322.0,2011
1.0,2.810595,0.0,193.0,2011
2.0,5.005425,0.0,354.0,2011
2.0,1022.0,3.4,354.0,2011
1.0,2.150008,0.0,283.0,2011
1.0,3.474474,0.0,387.0,2011
1.0,5.452654,0.0,257.0,2011
1.0,3.646706,0.0,535.0,2011
1.0,1.327347,0.0,317.0,2011
1.0,2.797436,0.0,411.0,2011
1.0,4.640382,0.0,249.0,2012
1.0,3.54387,0.0,642.0,2012
1.0,4.457243,0.0,501.0,2012
1.0,2.694047,0.0,344.0,2012
1.0,4.641878,0.0,447.0,2012
1.0,3.332687,0.0,542.0,2012
1.0,2.691548,0.0,322.0,2014
1.0,3.446459,0.0,303.0,2012
1.0,1.354133,0.0,360.0,2013
1.0,3.547851,0.0,453.0,2013
2.0,349.7,1.25,25.64,2001
2.0,6005.0,5.3,25.64,2012
2.0,5.7727,0.024,23.44,2009
2.0,13.505,0.0186,23.44,2011
1.0,431.8,3.1,167.5,2011
1.0,533.0,6.1,7.01,2010
1.0,1183.0,4.9,89.85,2002
1.0,3.4442,0.48,53.71,2005
1.0,311.6,1.6,115.21,2013
1.0,62.218,0.229,11.11,2003
1.0,526.62,1.56,44.05,2007
1.0,829.0,0.8,32.7,2001
1.0,15.609,0.0405,21.85,2005
1.0,431.88,2.07,77.82,2001
1.0,356.0,2.3,131.41,2009
2.0,360.2,2.37,56.5,2012
2.0,2732.0,2.37,56.5,2012
1.0,675.0,1.94,100.0,2007
1.0,777.0,1.96,53.28,2009
1.0,792.6,0.0,58.17,2012
1.0,177.11,7.6,150.6,2011
1.0,22.09,0.48,40.32,2003
1.0,2496.0,1.65,55.01,2009
1.0,615.0,0.29,35.88,2011
2.0,1275.0,1.11,38.52,2011
2.0,4046.0,2.0,38.52,2011
1.0,5.3978,0.029,16.82,2008
1.0,1313.0,0.63,56.34,2010
1.0,227.0,1.8,44.15,2002
1.0,1634.0,14.2,38.26,2009
2.0,30.052,0.7,52.85,2009
2.0,192.9,1.82,52.85,2009
6.0,5.75962,0.041,39.39,2010
6.0,16.3567,0.038,39.39,2010
6.0,49.747,0.08,39.39,2010
6.0,122.72,0.074,39.39,2010
6.0,602.0,0.067,39.39,2010
6.0,2248.0,0.205,39.39,2010
1.0,989.2,0.94,17.35,2006
1.0,1075.2,6.21,32.56,1999
2.0,1270.2,3.44,53.82,2007
2.0,170.455,0.82,53.82,2008
1.0,711.0,6.54,66.49,2005
2.0,1945.0,0.622,33.98,2005
2.0,37.91,0.0788,33.98,2008
2.0,262.709,2.3,37.16,2000
2.0,1708.0,1.92,37.16,2002
1.0,471.6,14.0,300.3,2005
2.0,14.182,0.0325,28.6,2011
2.0,53.832,0.036,28.6,2011
2.0,19.382,0.865,66.89,2013
2.0,931.0,5.13,66.89,2013
1.0,4218.0,1.88,45.52,2009
1.0,75.523,0.26,35.91,2000
1.0,17.24,0.0696,25.54,2008
1.0,990.0,4.4,59.84,2009
1.0,465.1,14.3,50.18,2009
1.0,359.9,4.6,0.0,2007
1.0,21.21663,0.0,78.25,2007
1.0,772.0,2.7,127.88,2011
1.0,466.2,1.37,22.38,2003
2.0,11.849,0.0378,43.08,2011
2.0,33.823,0.0422,43.08,2011
1.0,500.0,1.07,27.13,2002
3.0,18.315,0.0085,6.06,2011
3.0,40.114,0.00755,6.06,2011
3.0,90.309,0.0151,6.06,2011
2.0,29.15,0.0379,35.89,2011
2.0,85.131,0.0496,35.89,2011
1.0,591.9,1.9,36.02,2006
1.0,380.85,1.99,44.5,2008
2.0,22.656,0.0322,32.31,2011
2.0,53.881,0.06472,32.31,2011
1.0,1214.0,1.5,89.13,2006
1.0,738.459,2.61,34.6,2001
1.0,528.07,13.65,31.79,2011
1.0,1561.0,7.71,51.97,2003
1.0,3668.0,4.01,46.51,2006
1.0,1845.0,0.95,56.05,2010
1.0,423.841,1.28,18.24,2000
1.0,2208.0,1.45,44.54,2012
1.0,17.991,0.62,42.37,2005
1.0,1117.0,1.16,56.18,2010
1.0,385.9,5.59,39.56,2001
1.0,387.1,1.7,168.92,2011
1.0,2819.654,9.17,54.71,2002
1.0,1159.2,1.373,26.5,2009
1.0,912.0,1.8,121.07,2011
1.0,466.0,0.5,53.82,2010
3.0,16.546,0.0363,38.01,2011
3.0,51.284,0.0498,38.01,2011
3.0,274.49,0.0519,38.01,2011
1.0,326.6,1.3,136.8,2011
1.0,18.179,0.33,86.88,2006
1.0,157.54,3.04,117.37,2009
1.0,1049.0,0.79,45.01,2009
1.0,388.0,9.1,20.98,2005
1.0,363.2,0.0,37.78,2010
3.0,154.46,0.61,33.24,2002
3.0,2295.0,0.683,33.24,2002
3.0,843.6,0.624,33.24,2005
1.0,2063.818,10.35,18.21,2001
2.0,55.0,2.3,42.88,2004
2.0,2720.0,3.366,42.88,2012
3.0,5.6363,0.0117,25.59,2011
3.0,14.025,0.0187,25.59,2011
3.0,33.941,0.0162,25.59,2011
2.0,14.3098,0.839,42.43,2000
2.0,2140.2,13.38,42.43,2000
1.0,696.3,10.7,99.4,2009
1.0,407.15,0.0961,15.56,2011
6.0,4.3123,0.0126,12.83,2008
6.0,9.6184,0.0208,12.83,2008
6.0,20.432,0.0299,12.83,2008
6.0,34.62,0.011,12.83,2012
6.0,51.76,0.0164,12.83,2012
6.0,197.8,0.0223,12.83,2012
1.0,264.15,4.01,33.33,2002
1.0,963.0,2.54,43.03,2004
1.0,1.3283,18.37,43.03,2003
2.0,18.357,0.039,52.03,2013
2.0,25.648,0.027,52.03,2013
1.0,327.8,0.6,54.94,2010
1.0,2371.0,25.0,37.05,2008
1.0,36.96,2.49,93.2,2007
1.0,472.0,0.58,50.43,2010
1.0,5.8872,0.04,22.04,2011
2.0,226.93,0.1872,32.58,2008
2.0,342.85,0.6579,32.58,2008
1.0,890.76,1.79,48.95,2004
1.0,43.6,0.47,36.14,2008
1.0,3.024,0.249,33.41,2000
2.0,4.0845,0.07167,37.84,2008
2.0,1353.6,0.35061,37.84,2008
2.0,430.0,5.0,121.36,2002
2.0,2500.0,7.0,121.36,2008
1.0,700.0,1.16,87.41,2008
1.0,4.9437,0.115,40.73,2002
1.0,2582.7,1.71,47.26,2005
1.0,1279.0,4.9,31.03,2002
2.0,14.07,0.0413,34.07,2011
2.0,95.415,0.0565,34.07,2011
1.0,118.96,1.13,28.07,2000
1.0,303.0,5.25,92.51,2003
2.0,201.83,3.1548,25.7,2008
2.0,607.06,7.4634,25.7,2008
1.0,2.817822,0.38,35.8,2005
1.0,589.64,2.9,10.34,2006
1.0,358.0,0.64,32.62,2009
2.0,572.4,1.26,35.59,2003
2.0,152.6,0.17,35.59,2011
1.0,480.5,6.0,80.06,2012
1.0,1973.0,2.82,55.04,2005
1.0,6.276,1.9,58.82,2001
3.0,8.667,0.033,12.58,2006
3.0,31.56,0.038,12.58,2006
3.0,197.0,0.058,12.58,2006
1.0,851.8,6.1,0.0,2007
1.0,2231.0,2.0,28.76,2003
1.0,3383.0,3.15,51.36,2002
1.0,1260.0,3.06,53.05,2008
1.0,2.54858,1.87,36.52,2003
2.0,188.9,2.25,94.61,2002
2.0,379.1,2.25,94.61,2005
1.0,1800.0,1.15,96.99,2008
3.0,51.645,1.8,64.56,2003
3.0,2473.0,8.06,64.56,2003
3.0,346.6,0.396,64.56,2007
1.0,3.51,0.42,28.94,1999
1.0,418.2,2.51,80.58,2007
1.0,3.971,0.197,59.7,2002
1.0,5.7361,0.0,41.27,2012
1.0,1966.1,1.34,48.64,2011
1.0,111.4357,0.0,29.04,2001
1.0,1001.7,6.86,32.56,2005
1.0,184.02,2.7,88.26,2007
2.0,441.47,0.0,27.46,2003
2.0,220.078,0.0,27.46,2003
1.0,705.0,1.3,112.23,2011
1.0,2.985625,0.4,43.53,2002
1.0,788.0,0.132,33.96,2009
1.0,58.43,0.01133,11.15,2011
1.0,2.1375,1.5,91.16,2006
1.0,1695.0,0.92,42.48,2009
1.0,1475.0,7.0,72.57,2009
1.0,2754.0,1.78,18.06,2009
1.0,3.416,0.22,74.46,2004
1.0,2157.0,1.78,30.88,2009
1.0,256.78,8.44,38.99,1999
1.0,49.77,0.057,22.09,2009
1.0,325.81,3.86,32.32,2000
1.0,143.58,0.37,28.9,2005
2.0,13.186,0.0263,42.52,2011
2.0,46.025,0.0318,42.52,2011
1.0,0.0,0.0,91.57,2013
1.0,507.0,1.2,149.03,2009
1.0,361.1,0.9,132.8,2011
1.0,498.9,0.68,84.03,2009
1.0,647.3,4.0,221.24,2011
2.0,8.1256,0.0284,26.21,2011
2.0,103.49,0.04,26.21,2011
1.0,9.494,0.026,21.3,2010
1.0,436.9,1.8,150.38,2011
1.0,4951.0,6.8,42.77,2012
1.0,439.3,0.502,60.46,2005
2.0,17.054,0.087,17.99,2004
2.0,4970.0,0.36,17.99,2010
1.0,868.0,1.4,130.89,2011
1.0,157.57,1.7,140.85,2011
1.0,383.7,1.16,52.8,2007
1.0,70.46,0.3,30.5,2005
1.0,20.8133,0.172,42.0,2005
1.0,4.113775,0.45,28.98,2006
2.0,127.58,5.9,164.2,2008
2.0,520.0,2.6,164.2,2008
1.0,122.1,0.05,9.24,2010
1.0,778.1,5.9,138.5,2011
1.0,6.495,0.96,121.07,2010
1.0,47.84,0.098,49.33,2009
1.0,5.8881,0.367,53.08,2013
1.0,55.806,0.186,20.82,2009
1.0,199.505,8.3,102.04,2003
1.0,1531.0,6.92,37.44,2002
1.0,2890.0,11.0,87.87,2011
1.0,3630.0,9.61,36.36,2012
1.0,0.0,0.0,91.83,2013
1.0,48.056,0.21,51.26,2005
1.0,10.8985,0.261,38.56,2002
1.0,443.4,2.6,138.5,2011
2.0,395.8,1.29,68.54,2002
2.0,1624.0,0.99,68.54,2005
1.0,68.27,0.77,65.62,2010
2.0,7.8543,0.054,56.92,2013
2.0,30.93,0.076,56.92,2013
1.0,5.24,0.28,59.03,2005
1.0,835.477,11.09,97.66,2009
1.0,1143.0,6.8,28.88,2003
1.0,324.0,2.83,37.42,2013
2.0,263.3,0.27,15.71,2010
2.0,1657.0,0.71,15.71,2010
2.0,937.7,1.24,28.04,2003
2.0,1046.0,0.0,28.04,2011
1.0,3827.0,0.48,20.48,2014
1.0,83.888,11.68,40.57,1989
1.0,493.7,1.1,20.43,2001
1.0,1114.0,0.95,35.0,2002
1.0,670.0,2.1,110.62,2011
1.0,2597.0,1.88,33.01,2004
1.0,25.827,0.178,38.02,2004
1.0,6.1335,2.13,88.57,2005
1.0,2082.0,4.5,97.66,2013
1.0,63.33,1.22,44.37,2003
1.0,344.95,3.71,133.16,2003
3.0,559.4,3.0,52.83,2007
3.0,4.1547,0.058,52.83,2009
3.0,3008.0,7.2,52.83,2009
1.0,9.6737,0.041,27.45,2009
1.0,1244.0,0.38,68.35,2009
1.0,948.12,0.224,38.05,2011
2.0,454.2,1.45,16.57,2002
2.0,923.8,3.24,16.57,2005
1.0,1840.0,1.6,67.61,2009
1.0,10.7085,1.04,29.76,1999
1.0,883.0,2.2,121.36,2011
1.0,1951.0,18.15,57.21,2008
1.0,974.0,5.61,70.97,2007
1.0,1544.0,1.49,98.52,2011
2.0,3.27,0.0351,24.15,2011
2.0,1160.9,0.1507,24.15,2011
2.0,258.19,1.59,25.65,1999
2.0,5000.0,0.82,25.65,2009
3.0,12.083,0.0292,26.91,2011
3.0,59.519,0.0382,26.91,2011
3.0,459.26,0.121,26.91,2011
1.0,464.3,2.0,106.38,2009
3.0,11.577,0.0166,14.56,2011
3.0,27.582,0.0358,14.56,2011
3.0,106.72,0.03,14.56,2011
1.0,330.0,0.223,38.45,2011
1.0,1125.7,9.76,121.36,2008
1.0,653.22,9.7,33.46,2002
1.0,1928.0,5.1,35.87,2005
1.0,1299.0,1.9,106.38,2011
1.0,386.3,1.62,34.57,2003
1.0,1057.0,3.12,59.35,2008
1.0,176.3,2.9,126.1,2010
1.0,103.95,5.76,55.19,2008
2.0,44.236,2.12,42.68,2009
2.0,1008.0,6.56,42.68,2009
1.0,528.4,1.21,12.87,2003
1.0,1027.0,0.85,53.05,2009
1.0,331.5,0.96,59.28,2009
1.0,2.8758912,0.0,78.86,2005
1.0,4.072,1.33,63.49,2005
1.0,2.391,15.5,76.51,2009
1.0,1096.2,0.168,29.55,2011
1.0,2097.0,3.0,85.18,2009
1.0,689.0,1.5,182.82,2011
1.0,499.4,2.73,51.87,2008
1.0,18.596,0.0193,18.08,2011
1.0,3342.0,0.947,18.06,2006
1.0,163.9,5.02,65.79,2008
2.0,408.6,2.24,68.54,2004
2.0,3452.0,2.58,68.54,2014
2.0,194.3,0.85,43.4,2007
2.0,391.9,0.82,43.4,2007
1.0,131.05,9.71,35.37,2011
1.0,842.0,0.75,55.1,2009
1.0,4.6455,0.013,24.05,2010
1.0,359.5546,10.57,49.0,2007
1.0,104.84,0.12,33.48,2011
1.0,521.0,1.8,114.15,2011
2.0,12.62,1.13,68.59,2013
2.0,248.4,1.9,68.59,2013
2.0,1178.4,2.1,52.72,2006
2.0,352.3,0.73,52.72,2012
4.0,643.25,0.0,15.28,2000
4.0,4205.8,1.814,15.28,2004
4.0,9.6386,0.0,15.28,2004
4.0,310.55,0.0,15.28,2006
1.0,8.428198,14.4,31.26,2002
2.0,75.29,0.77,69.44,2010
2.0,1314.0,2.29,69.44,2010
1.0,282.4,0.48,51.81,2010
1.0,606.4,2.7,37.98,2009
1.0,1155.0,0.36,21.92,2005
1.0,5144.0,3.53,42.99,2012
1.0,420.77,1.7,50.0,2007
2.0,58.11289,8.02,37.88,1998
2.0,1749.5,18.1,37.88,2000
1.0,6.403,0.23,43.12,2002
2.0,225.62,2.88,36.32,2000
2.0,2102.0,4.04,36.32,2003
1.0,1145.0,0.67,64.98,2007
1.0,538.0,1.83,0.0,2007
1.0,1523.0,2.6,44.05,2009
1.0,323.6,2.7,134.95,2008
1.0,1290.0,7.8,67.02,2009
1.0,297.3,0.61,127.55,2007
1.0,1016.0,0.0,14.98,2010
2.0,406.6,1.49,59.03,1999
2.0,110.9,0.15,59.03,2010
1.0,71.484,7.03,46.73,2001
1.0,14.476,0.08,63.69,2008
1.0,3.0925,0.95,27.05,2000
1.0,396.03,0.0,131.75,2010
1.0,479.0,1.6,114.55,2009
1.0,663.0,3.3,115.47,2009
3.0,9.3743,0.0238,26.15,2008
3.0,962.0,0.64,26.15,2008
3.0,2172.0,0.54,26.15,2008
1.0,956.0,0.37,55.93,2009
2.0,634.23,3.69,52.83,2004
2.0,2950.0,3.82,52.83,2008
1.0,6.838,0.94,47.37,2006
1.0,986.0,0.75,44.98,2006
2.0,3.097,0.52,47.92,1998
2.0,3810.0,1.99,47.92,1999
1.0,456.46,1.26,52.63,2004
1.0,14.275,0.0316,17.72,2011
1.0,2.2185757,0.0,19.25,2005
1.0,1136.1,5.93,62.11,2002
2.0,2891.0,1.502,15.89,2003
2.0,17.1,0.057,15.89,2005
1.0,1038.1,1.9,54.23,2007
1.0,4885.0,3.1,189.39,2009
1.0,24.348,0.72,19.89,1999
2.0,74.72,0.05318,8.82,2011
2.0,525.8,0.07552,8.82,2011
1.0,351.5,2.5,67.39,2007
1.0,18.20163,3.7,37.35,1999
1.0,1289.0,3.0,46.93,2002
1.0,3638.0,6.9,43.57,2012
1.0,1333.0,2.58,32.99,2007
1.0,1035.7,0.79,32.83,2011
2.0,613.8,1.85,68.35,2010
2.0,825.0,0.895,68.35,2010
2.0,255.87,17.4,46.34,2002
2.0,1383.4,2.44,46.34,2004
1.0,0.0,0.0,40.85,2006
3.0,1931.0,4.05,47.3,2009
3.0,34.873,0.054,47.3,2011
3.0,2831.6,1.68,47.3,2012
1.0,1733.0,0.266,26.95,2011
1.0,279.8,1.37,90.33,2008
1.0,610.0,2.2,170.07,2009
2.0,161.97,0.0,55.31,2012
2.0,1155.7,0.0,55.31,2012
1.0,123.0,0.45,43.99,2004
1.0,875.5,9.9,352.11,2012
1.0,3.5247486,0.0,47.08,1999
1.0,442.1,1.23,21.29,1998
1.0,354.8,0.0,55.93,2007
1.0,2.245715,0.45,52.72,2005
1.0,373.3,2.3,121.8,2009
1.0,951.0,4.5,40.75,2001
2.0,7.2825,0.0087,21.52,2011
2.0,10.866,0.0097,21.52,2011
2.0,191.99,0.101,38.64,2011
2.0,2277.0,0.246,38.64,2011
2.0,3.93,0.017,43.53,2009
2.0,567.0,0.33,43.53,2009
1.0,1311.0,1.26,33.29,2002
1.0,1294.0,2.1,26.52,2002
1.0,118.45,0.65,37.89,2003
2.0,7.126816,1.39,19.72,1998
2.0,4270.0,2.6,19.72,2005
1.0,1319.0,13.0,54.92,2010
1.0,225.7,0.21,29.94,2010
1.0,5501.0,10.39,29.2,2012
1.0,2093.3,0.0,0.0,2012
1.0,3.8335,0.06,81.1,2007
1.0,672.1,11.1,289.02,2012
1.0,2209.0,1.06,45.23,2012
1.0,3724.7,1.45,48.43,2011
1.0,456.1,3.09,52.88,2007
1.0,3999.0,1.9,50.45,2011
1.0,572.38,7.75,41.95,1999
1.0,26.73,0.71,94.07,2006
1.0,141.6,1.08,108.46,2007
1.0,192.0,6.575,0.0,2013
1.0,501.75,6.9,0.0,2009
1.0,745.7,5.3,307.69,2011
1.0,2443.0,2.54,54.92,2009
1.0,8.7836,0.0265,9.42,2008
1.0,3.369,0.76,50.2,2004
2.0,345.72,1.42,44.8,2009
2.0,9017.8,0.0,44.8,2011
1.0,57.0,0.47,23.8,2010
1.0,16.2,1.25,223.21,2010
3.0,6.673855,3.88,52.88,2005
3.0,147.73,1.28,52.88,2006
3.0,952.0,0.57,52.88,2009
1.0,41.397,0.298,11.03,2010
3.0,8.1352,0.036,25.87,2011
3.0,32.03,0.41,25.87,2011
3.0,431.7,0.527,25.87,2011
1.0,0.0,0.0,11.43,2010
1.0,124.6,9.18,149.25,2013
1.0,17337.5,9.0,23.98,2009
1.0,511.098,8.82,31.33,2002
1.0,0.0,0.0,131.93,2010
1.0,111.7,2.1,14.9,2009
1.0,5.0505,1.068,44.46,2013
1.0,311.288,1.94,17.24,1999
4.0,170000.0,0.0,39.94,2008
4.0,69000.0,0.0,39.94,2008
4.0,37000.0,0.0,39.94,2008
4.0,18000.0,0.0,39.94,2010
1.0,1.217514,0.0,262.0,2012
1.0,4.113791,0.0,124.22,2012
1.0,2.7033904,1.47,178.0,2013
1.0,7.8457,0.0,222.0,2014
1.0,2.47063,0.0,213.0,2006
1.0,2.204737,0.0,320.0,2008
1.0,4.8878164,0.0,38.0,2008
1.0,3.21346,0.0,550.0,2009
1.0,3.54846,0.0,0.0,2009
1.0,3.234723,0.0,0.0,2009
1.0,4.885525,0.0,0.0,2009
1.0,3.52254,0.0,1330.0,2010
3.0,19.24,0.0,650.0,2010
3.0,38.91,0.0,650.0,2010
3.0,1.592851,0.0,650.0,2010
2.0,0.837495,0.0,173.0,2011
2.0,45.29485,0.0,173.0,2011
6.0,10.3039,0.0,613.0,2010
6.0,13.0241,0.0,613.0,2010
6.0,22.6845,0.0,613.0,2010
6.0,31.9996,0.0,613.0,2010
6.0,46.6888,0.0,613.0,2010
6.0,118.3807,0.0,613.0,2010
1.0,4.4379635,0.0,600.0,2011
1.0,1.7635891,0.0,0.0,2011
1.0,6.790123,0.0,980.0,2011
1.0,4.942782,0.0,0.0,2011
1.0,228.776,0.0,61.0,2011
1.0,1.4857109,0.0,800.0,2011
3.0,3.504725,0.0,0.0,2011
3.0,7.64159,0.0,0.0,2011
3.0,14.85888,0.0,0.0,2011
2.0,9.286994,0.0,2119.0,2011
2.0,160.0,0.0,2119.0,2011
5.0,3.696122,0.0,290.0,2011
5.0,10.854092,0.0,290.0,2011
5.0,77.61184,0.0,290.0,2011
5.0,6.098493,0.0,290.0,2011
5.0,19.57706,0.0,290.0,2011
1.0,2.785755,0.0,108.0,2011
1.0,289.8623,0.0,190.0,2011
2.0,7.1073,0.0,800.0,2011
2.0,10.7421,0.0,800.0,2011
2.0,8.1453,0.0,1200.0,2011
2.0,12.3335,0.0,1200.0,2011
3.0,6.2385,0.0,0.0,2011
3.0,12.7204,0.0,0.0,2011
3.0,123.0,0.0,0.0,2014
2.0,12.2829,0.0,0.0,2011
2.0,17.2513,0.0,0.0,2011
2.0,15.3348,0.0,0.0,2011
2.0,31.3309,0.0,0.0,2011
2.0,5.9123,0.0,0.0,2011
2.0,8.9858,0.0,0.0,2011
2.0,10.3376,0.0,1400.0,2011
2.0,13.2907,0.0,1400.0,2011
3.0,29.33434,0.0,1400.0,2012
3.0,60.323105,0.0,1400.0,2012
3.0,143.34393,0.0,1400.0,2012
2.0,20.8613,0.0,2100.0,2011
2.0,42.6318,0.0,2100.0,2011
5.0,5.90124,0.0,303.0,2011
5.0,8.7522,0.0,303.0,2011
5.0,22.7802,0.0,303.0,2012
5.0,2.896,0.0,303.0,2012
5.0,0.74296,0.0,303.0,2012
5.0,5.66793,0.0,0.0,2011
5.0,13.17562,0.0,0.0,2011
5.0,21.77596,0.0,0.0,2011
5.0,31.7844,0.0,0.0,2011
5.0,41.02902,0.0,0.0,2011
1.0,288.822,0.0,1499.0,2011
1.0,131.458,0.0,1645.0,2011
2.0,13.83989,0.0,470.0,2012
2.0,16.23855,0.0,470.0,2012
3.0,13.367308,0.0,66.0,2013
3.0,21.301886,0.0,66.0,2013
3.0,39.792187,0.0,66.0,2013
1.0,105.599,0.0,600.0,2012
1.0,21.0874,0.0,1200.0,2011
1.0,6.87349,0.0,2700.0,2010
1.0,1.855558,0.0,770.0,2011
3.0,1.2137672,0.0,38.7,2011
3.0,0.4532851,0.0,38.7,2011
3.0,1.865169,0.0,38.7,2011
1.0,3.024095,0.0,1950.0,2011
1.0,3.24674,0.0,2250.0,2011
1.0,2.455239,0.0,333.0,2011
2.0,33.60134,0.0,855.0,2012
2.0,57.011,0.0,855.0,2012
2.0,49.532,0.0,1500.0,2012
2.0,303.137,0.0,1500.0,2012
4.0,4.7779803,0.0,0.0,2012
4.0,9.673928,0.0,0.0,2012
4.0,42.8961,0.0,0.0,2014
4.0,982.0,0.0,0.0,2014
2.0,7.2037945,0.0,0.0,2012
2.0,10.912934,0.0,0.0,2012
2.0,7.81254,0.0,0.0,2012
2.0,9.37647,0.0,0.0,2012
3.0,45.154,0.0,0.0,2012
3.0,85.312,0.0,0.0,2012
3.0,0.0,0.0,0.0,2014
2.0,7.8773565,0.0,0.0,2012
2.0,16.385002,0.0,0.0,2012
2.0,18.648952,0.0,0.0,2012
2.0,38.558304,0.0,0.0,2012
2.0,8.010943,0.0,0.0,2012
2.0,12.071725,0.0,0.0,2012
2.0,27.948145,0.0,0.0,2012
2.0,42.15164,0.0,0.0,2012
2.0,10.5016,0.0,0.0,2012
2.0,21.40239,0.0,0.0,2012
2.0,5.7293196,0.0,0.0,2012
2.0,11.609257,0.0,0.0,2012
2.0,10.218495,0.0,0.0,2012
2.0,15.574157,0.0,0.0,2012
2.0,11.868171,0.0,0.0,2012
2.0,17.980124,0.0,0.0,2012
3.0,7.1316185,0.0,0.0,2012
3.0,8.919346,0.0,0.0,2012
3.0,11.901617,0.0,0.0,2012
1.0,59.87756,0.0,0.0,2013
5.0,5.714932,0.0,368.0,2013
5.0,12.4417,0.0,368.0,2013
5.0,18.16406,0.0,368.0,2013
5.0,122.3874,0.0,368.0,2013
5.0,267.291,0.0,368.0,2013
1.0,9.434151,0.0,200.0,2013
1.0,138.317,0.0,1000.0,2012
3.0,2.15491,0.0,0.0,2012
3.0,5.859944,0.0,0.0,2012
3.0,8.13123,0.0,0.0,2012
1.0,17.815815,0.0,1107.0,2013
1.0,15.7259,0.0,1107.0,2013
3.0,5.398763,0.0,135.0,2012
3.0,9.605085,0.0,135.0,2012
3.0,580.0,0.947,135.0,2012
2.0,13.722341,0.0,0.0,2013
2.0,242.4613,0.0,0.0,2013
2.0,0.240104,0.0,1180.0,2011
2.0,0.342887,0.0,1180.0,2011
1.0,3.90512,0.0,800.0,2010
1.0,7.340718,0.0,1330.0,2013
1.0,8.884924,0.0,1140.0,2013
1.0,1.5449288,0.0,0.0,2013
1.0,3.578781,0.0,570.0,2013
1.0,0.355,0.0,0.0,2013
2.0,13.485,0.0,0.0,2012
2.0,27.402,0.0,0.0,2012
2.0,7.053,0.0,0.0,2012
2.0,9.522,0.0,0.0,2012
2.0,5.955,0.0,0.0,2012
2.0,12.04,0.0,0.0,2012
2.0,26.444,0.0,0.0,2012
2.0,51.538,0.0,0.0,2012
2.0,9.77,0.0,0.0,2012
2.0,20.09,0.0,0.0,2012
2.0,8.726,0.0,0.0,2012
2.0,12.883,0.0,0.0,2012
2.0,8.306,0.0,0.0,2012
2.0,12.513,0.0,0.0,2012
1.0,282.5255,0.0,0.0,2013
2.0,114.73635,0.0,0.0,2013
2.0,191.2318,0.0,0.0,2013
2.0,10.95416,0.0,339.0,2013
2.0,22.3395,0.0,339.0,2013
4.0,3.743208,0.0,0.0,2013
4.0,10.423648,0.0,0.0,2013
4.0,22.342989,0.0,0.0,2013
4.0,54.32031,0.0,0.0,2013
7.0,7.008151,0.0,780.0,2013
7.0,8.719375,0.0,780.0,2013
7.0,59.73667,0.0,780.0,2013
7.0,91.93913,0.0,780.0,2013
7.0,124.9144,0.0,780.0,2013
7.0,210.60696,0.0,780.0,2013
7.0,331.6006,0.0,780.0,2013
1.0,6.24658,0.0,1030.0,2013
2.0,13.749,0.0,0.0,2013
2.0,26.723,0.0,0.0,2013
2.0,4.72674,0.0,0.0,2014
2.0,1460.0,0.0,0.0,2014
2.0,2.50806,0.0,0.0,2014
2.0,820.3,0.0,0.0,2014
1.0,11.5231,0.0,0.0,2014
1.0,16.2385,0.0,0.0,2014
2.0,2.58664,0.0,0.0,2014
2.0,789.0,0.0,0.0,2014
1.0,1.54168,0.0,0.0,2014
1.0,4.60358,0.0,0.0,2014
3.0,6.88705,0.0,0.0,2014
3.0,12.8159,0.0,0.0,2014
3.0,35.3331,0.0,0.0,2014
5.0,5.28696,0.0,0.0,2014
5.0,7.07142,0.0,0.0,2014
5.0,10.3117,0.0,0.0,2014
5.0,16.1457,0.0,0.0,2013
5.0,27.4536,0.0,0.0,2014
2.0,15.9654,0.0,0.0,2014
2.0,179.612,0.0,0.0,2014
2.0,5.4122,0.0,0.0,2013
4.0,6.16486,0.0,0.0,2014
4.0,13.5708,0.0,0.0,2014
4.0,23.9802,0.0,0.0,2014
4.0,43.8445,0.0,0.0,2014
2.0,6.48163,0.0,0.0,2014
2.0,21.2227,0.0,0.0,2014
2.0,4.754,0.0,0.0,2014
2.0,8.92507,0.0,0.0,2014
2.0,8.041,0.0,0.0,2013
2.0,11.776,0.0,0.0,2013
2.0,15.09,0.0,0.0,2013
2.0,22.804,0.0,0.0,2013
3.0,27.50868,0.0,0.0,2013
2.0,16.092,0.0,0.0,2014
2.0,25.5169,0.0,0.0,2014
2.0,13.78164,0.0,0.0,2014
2.0,23.08933,0.0,0.0,2014
2.0,22.951,0.0,0.0,2013
2.0,42.882,0.0,0.0,2013
2.0,36.855,0.0,0.0,2013
2.0,49.412,0.0,0.0,2013
2.0,23.654,0.0,0.0,2013
2.0,50.447,0.0,0.0,2013
2.0,31.884,0.0,0.0,2013
2.0,48.648,0.0,0.0,2013
2.0,17.324,0.0,0.0,2013
2.0,33.006,0.0,0.0,2013
2.0,35.736,0.0,0.0,2013
2.0,54.414,0.0,0.0,2013
2.0,24.806,0.0,0.0,2013
2.0,44.347,0.0,0.0,2013
2.0,5.487,0.0,0.0,2013
2.0,8.291,0.0,0.0,2013
2.0,10.416,0.0,0.0,2013
2.0,13.084,0.0,0.0,2013
2.0,34.921,0.0,0.0,2013
2.0,71.312,0.0,0.0,2013
2.0,17.849,0.0,0.0,2013
2.0,26.136,0.0,0.0,2013
2.0,42.994,0.0,0.0,2013
2.0,88.505,0.0,0.0,2013
2.0,2.42629,0.0,0.0,2014
2.0,4.62332,0.0,0.0,2014
2.0,0.66931,0.0,0.0,2014
2.0,3000.0,0.0,0.0,2014
1.0,2.46502,0.0,0.0,2014
1.0,68.9584,0.0,0.0,2014
1.0,17.833649,0.0,132.0,2013
1.0,3.00516,0.0,0.0,2013
1.0,1.7208612,0.0,1056.0,2014
1.0,66.262,0.0,0.0,2014
1.0,40000.0,0.0,0.0,2011
1.0,3.91405,0.0,2000.0,2007
1.0,0.0,0.0,0.0,2008
1.0,0.0,0.0,0.0,2008
1.0,0.0,0.0,0.0,2009
1.0,0.0,0.0,3600.0,2013
1.0,2780.0,0.0,0.0,2011
1.0,0.0,0.0,0.0,2010
1.0,1970.0,0.0,0.0,2010
1.0,0.0,0.0,2300.0,2012
1.0,0.0,0.0,2800.0,2012
1.0,0.0,0.0,7720.0,2012
1.0,0.0,0.0,7560.0,2013
1.0,677.8,19.8,0.0,2007
1.0,6.958,0.34,0.0,2014
1.0,5.118,0.4,0.0,2014
1.0,121.71,1.54,0.0,2014
1.0,0.0,0.0,0.0,2004
1.0,3600.0,0.0,0.0,2005
1.0,3300.0,0.0,0.0,2006
1.0,3500.0,0.0,0.0,2005
2.0,1825.0,0.0,0.0,2008
2.0,5100.0,0.0,0.0,2008
1.0,0.0,0.0,0.0,2009
1.0,0.0,0.0,2570.0,2012
2.0,0.0,0.0,4080.0,2012
2.0,0.0,0.0,4080.0,2012
1.0,0.0,0.0,1760.0,2013
1.0,0.0,0.0,4970.0,2013
1.0,2.4855335,0.0,0.0,2008
1.0,3.101278,0.0,0.0,2004
1.0,1.211919,0.0,0.0,2002
1.0,4.0161,0.0,0.0,2004
1.0,1.4324752,0.0,600.0,2004
1.0,1.689868,0.0,2500.0,2004
1.0,3.9791,0.0,0.0,2007
1.0,3.67724,0.0,0.0,2007
1.0,730000.0,0.0,0.0,2006
1.0,3.1606295,0.0,1200.0,2013
1.0,4.4264,0.0,0.0,2012
1.0,2.1451,0.0,0.0,2012
3.0,25.262,0.0,0.0,1992
3.0,66.5419,0.0,0.0,1992
3.0,98.2114,0.0,0.0,1994
1.0,36525.0,0.0,0.0,2003
1.0,0.09070629,0.0,1200.0,2011
1.0,1.420033,0.0,0.0,2010
1.0,1.3371181,0.0,0.0,2011
1.0,0.0,0.0,135.0,2013
1.0,0.0,0.0,120.0,2013
1.0,0.0,0.0,0.0,2010
1.0,4.2,0.0,8500.0,2006
1.0,1.796,0.0,8500.0,2006
1.0,3.030065,0.0,152.3,2004
1.0,1.3061858,0.0,228.0,2007
1.0,3.553945,0.0,492.0,2007
1.0,1.4822446,0.0,360.0,2011
1.0,0.0,0.0,0.0,2008
1.0,1170.0,0.0,0.0,2007
1.0,2.519945,0.0,408.0,2007
1.0,2.152226,0.0,147.0,2007
1.0,1.846835,0.0,220.0,2007
1.0,1.3382319,0.0,300.0,2007
1.0,1.6284314,0.0,300.0,2008
1.0,3.361006,0.0,0.0,2009
1.0,4.954658,0.0,140.0,2008
1.0,8.158715,0.0,87.0,2010
1.0,3.0927615,0.0,90.0,2008
1.0,3.7224748,0.0,121.7,2008
1.0,1.091423,0.0,0.0,2008
1.0,4.353011,0.0,155.0,2009
1.0,2.243752,0.0,160.0,2008
1.0,3.7520657,0.0,0.0,2009
1.0,3.1186008,0.0,0.0,2009
1.0,3.7354417,0.0,400.0,2009
1.0,0.941453,0.0,105.49,2009
1.0,0.78884,0.0,250.0,2009
1.0,4.322482,0.0,242.0,2010
1.0,3.5327313,0.0,300.0,2010
1.0,2.9444256,0.0,0.0,2010
1.0,2.3412125,0.0,0.0,2010
1.0,3.764825,0.0,0.0,2010
1.0,2.7566004,0.0,250.0,2010
1.0,3.408821,0.0,0.0,2010
1.0,3.922727,0.0,70.0,2010
1.0,3.4059095,0.0,360.0,2010
1.0,2.718659,0.0,0.0,2010
1.0,1.2198669,0.0,116.14,2010
1.0,4.317678,0.0,120.0,2010
1.0,3.161575,0.0,0.0,2011
1.0,1.5373653,0.0,450.0,2011
1.0,3.577469,0.0,343.0,2010
1.0,6.871815,0.0,110.0,2010
1.0,4.055259,0.0,230.0,2011
1.0,3.052401,0.0,180.0,2010
1.0,4.981687,0.0,160.0,2012
1.0,0.813475,0.0,80.0,2011
1.0,2.4238038,0.0,0.0,2011
1.0,3.1260877,0.0,0.0,2011
1.0,1.43037,0.0,0.0,2011
1.0,4.15914,0.0,200.0,2012
1.0,2.143634,0.0,0.0,2011
1.0,2.7817388,0.0,170.0,2012
1.0,1.9550959,0.0,230.0,2011
1.0,1.7497798,0.0,140.0,2012
1.0,3.6936412,0.0,200.0,2012
1.0,4.465633,0.0,330.0,2012
1.0,4.617101,0.0,255.0,2012
1.0,2.838971,0.0,455.0,2012
1.0,5.01718,0.0,300.0,2012
1.0,7.919585,0.0,125.0,2012
1.0,4.3050013,0.0,400.0,2012
1.0,3.8559,0.0,480.0,2012
1.0,4.411953,0.0,160.0,2012
1.0,4.37809,0.0,330.0,2012
1.0,1.5732918,0.0,350.0,2012
1.0,2.3114243,0.0,310.0,2013
1.0,4.086052,0.0,380.0,2012
1.0,4.61442,0.0,225.0,2012
1.0,2.9036746,0.0,345.0,2012
1.0,2.216742,0.0,340.0,2012
1.0,2.484193,0.0,260.0,2013
1.0,1.3600309,0.0,93.0,2012
1.0,2.1751764,0.0,550.0,2012
1.0,3.6623867,0.0,240.0,2012
1.0,3.0678504,0.0,60.0,2012
1.0,0.925542,0.0,470.0,2014
1.0,0.0,0.0,19.2,2011
1.0,3.352057,0.0,3200.0,2012
1.0,0.0,0.0,10.1,2012
1.0,3.9415069,0.0,172.0,2006
1.0,2.615864,0.0,148.0,2007
1.0,3.1915238,0.0,174.0,2007
1.0,4.125083,0.0,293.0,2008
1.0,4.187757,0.0,260.0,2008
